doi,title,abstract,included,decision_source,final_verdict,landing_url,pdf_url,year,source_anchor,source_term,metadata_json,arxiv_id,openalex_id
10.48550/arxiv.2107.03175,A Survey on Dialogue Summarization: Recent Advances and New Frontiers,"Dialogue summarization aims to condense the original dialogue into a shorter version covering salient information, which is a crucial way to reduce dialogue data overload. Recently, the promising achievements in both dialogue systems and natural language generation techniques drastically lead this task to a new landscape, which results in significant research attentions. However, there still remains a lack of a comprehensive survey for this task. To this end, we take the first step and present a thorough review of this research field carefully and widely. In detail, we systematically organize the current works according to the characteristics of each domain, covering meeting, chat, email thread, customer service and medical dialogue. Additionally, we provide an overview of publicly available research datasets as well as organize two leaderboards under unified metrics. Furthermore, we discuss some future directions, including faithfulness, multi-modal, multi-domain and multi-lingual dialogue summarization, and give our thoughts respectively. We hope that this first survey of dialogue summarization can provide the community with a quick access and a general picture to this task and motivate future researches.",1,,include (seed_filter),https://arxiv.org/abs/2107.03175v2,https://arxiv.org/pdf/2107.03175v2,2021,dialogue summarization,sequence to sequence,"{""arxiv_id"": ""2107.03175"", ""title"": ""A Survey on Dialogue Summarization: Recent Advances and New Frontiers"", ""summary"": ""Dialogue summarization aims to condense the original dialogue into a shorter version covering salient information, which is a crucial way to reduce dialogue data overload. Recently, the promising achievements in both dialogue systems and natural language generation techniques drastically lead this task to a new landscape, which results in significant research attentions. However, there still remains a lack of a comprehensive survey for this task. To this end, we take the first step and present a thorough review of this research field carefully and widely. In detail, we systematically organize the current works according to the characteristics of each domain, covering meeting, chat, email thread, customer service and medical dialogue. Additionally, we provide an overview of publicly available research datasets as well as organize two leaderboards under unified metrics. Furthermore, we discuss some future directions, including faithfulness, multi-modal, multi-domain and multi-lingual dialogue summarization, and give our thoughts respectively. We hope that this first survey of dialogue summarization can provide the community with a quick access and a general picture to this task and motivate future researches."", ""authors"": [""Xiachong Feng"", ""Xiaocheng Feng"", ""Bing Qin""], ""published"": ""2021-07-07T12:11:14Z"", ""updated"": ""2022-04-28T03:04:38Z"", ""categories"": [""cs.CL""], ""pdf_url"": ""https://arxiv.org/pdf/2107.03175v2"", ""landing_url"": ""https://arxiv.org/abs/2107.03175v2"", ""doi"": ""https://doi.org/10.48550/arXiv.2107.03175""}",2107.03175,https://openalex.org/W4304208854
10.48550/arxiv.2208.04163,Abstractive Meeting Summarization: A Survey,"A system that could reliably identify and sum up the most important points of a conversation would be valuable in a wide variety of real-world contexts, from business meetings to medical consultations to customer service calls. Recent advances in deep learning, and especially the invention of encoder-decoder architectures, has significantly improved language generation systems, opening the door to improved forms of abstractive summarization, a form of summarization particularly well-suited for multi-party conversation. In this paper, we provide an overview of the challenges raised by the task of abstractive meeting summarization and of the data sets, models and evaluation metrics that have been used to tackle the problems.",1,,include (seed_filter),https://arxiv.org/abs/2208.04163v2,https://arxiv.org/pdf/2208.04163v2,2022,dialogue summarization,meeting summarization,"{""arxiv_id"": ""2208.04163"", ""title"": ""Abstractive Meeting Summarization: A Survey"", ""summary"": ""A system that could reliably identify and sum up the most important points of a conversation would be valuable in a wide variety of real-world contexts, from business meetings to medical consultations to customer service calls. Recent advances in deep learning, and especially the invention of encoder-decoder architectures, has significantly improved language generation systems, opening the door to improved forms of abstractive summarization, a form of summarization particularly well-suited for multi-party conversation. In this paper, we provide an overview of the challenges raised by the task of abstractive meeting summarization and of the data sets, models and evaluation metrics that have been used to tackle the problems."", ""authors"": [""Virgile Rennard"", ""Guokan Shang"", ""Julie Hunter"", ""Michalis Vazirgiannis""], ""published"": ""2022-08-08T14:04:38Z"", ""updated"": ""2023-04-25T10:49:51Z"", ""categories"": [""cs.CL""], ""pdf_url"": ""https://arxiv.org/pdf/2208.04163v2"", ""landing_url"": ""https://arxiv.org/abs/2208.04163v2"", ""doi"": ""https://doi.org/10.48550/arXiv.2208.04163""}",2208.04163,https://openalex.org/W4299548139
10.48550/arxiv.2210.09894,"Taxonomy of Abstractive Dialogue Summarization: Scenarios, Approaches and Future Directions","Abstractive dialogue summarization is to generate a concise and fluent summary covering the salient information in a dialogue among two or more interlocutors. It has attracted great attention in recent years based on the massive emergence of social communication platforms and an urgent requirement for efficient dialogue information understanding and digestion. Different from news or articles in traditional document summarization, dialogues bring unique characteristics and additional challenges, including different language styles and formats, scattered information, flexible discourse structures and unclear topic boundaries. This survey provides a comprehensive investigation on existing work for abstractive dialogue summarization from scenarios, approaches to evaluations. It categorizes the task into two broad categories according to the type of input dialogues, i.e., open-domain and task-oriented, and presents a taxonomy of existing techniques in three directions, namely, injecting dialogue features, designing auxiliary training tasks and using additional data.A list of datasets under different scenarios and widely-accepted evaluation metrics are summarized for completeness. After that, the trends of scenarios and techniques are summarized, together with deep insights on correlations between extensively exploited features and different scenarios. Based on these analyses, we recommend future directions including more controlled and complicated scenarios, technical innovations and comparisons, publicly available datasets in special domains, etc.",1,,include (seed_filter),https://arxiv.org/abs/2210.09894v2,https://arxiv.org/pdf/2210.09894v2,2022,dialogue summarization,sequence to sequence,"{""arxiv_id"": ""2210.09894"", ""title"": ""Taxonomy of Abstractive Dialogue Summarization: Scenarios, Approaches and Future Directions"", ""summary"": ""Abstractive dialogue summarization is to generate a concise and fluent summary covering the salient information in a dialogue among two or more interlocutors. It has attracted great attention in recent years based on the massive emergence of social communication platforms and an urgent requirement for efficient dialogue information understanding and digestion. Different from news or articles in traditional document summarization, dialogues bring unique characteristics and additional challenges, including different language styles and formats, scattered information, flexible discourse structures and unclear topic boundaries. This survey provides a comprehensive investigation on existing work for abstractive dialogue summarization from scenarios, approaches to evaluations. It categorizes the task into two broad categories according to the type of input dialogues, i.e., open-domain and task-oriented, and presents a taxonomy of existing techniques in three directions, namely, injecting dialogue features, designing auxiliary training tasks and using additional data.A list of datasets under different scenarios and widely-accepted evaluation metrics are summarized for completeness. After that, the trends of scenarios and techniques are summarized, together with deep insights on correlations between extensively exploited features and different scenarios. Based on these analyses, we recommend future directions including more controlled and complicated scenarios, technical innovations and comparisons, publicly available datasets in special domains, etc."", ""authors"": [""Qi Jia"", ""Yizhu Liu"", ""Siyu Ren"", ""Kenny Q. Zhu""], ""published"": ""2022-10-18T14:33:03Z"", ""updated"": ""2023-08-06T06:02:06Z"", ""categories"": [""cs.CL""], ""pdf_url"": ""https://arxiv.org/pdf/2210.09894v2"", ""landing_url"": ""https://arxiv.org/abs/2210.09894v2"", ""doi"": ""https://doi.org/10.48550/arXiv.2210.09894""}",2210.09894,https://openalex.org/W4306893387
10.48550/arxiv.2212.08206,Meeting Summarization: A Survey of the State of the Art,"Information overloading requires the need for summarizers to extract salient information from the text. Currently, there is an overload of dialogue data due to the rise of virtual communication platforms. The rise of Covid-19 has led people to rely on online communication platforms like Zoom, Slack, Microsoft Teams, Discord, etc. to conduct their company meetings. Instead of going through the entire meeting transcripts, people can use meeting summarizers to select useful data. Nevertheless, there is a lack of comprehensive surveys in the field of meeting summarizers. In this survey, we aim to cover recent meeting summarization techniques. Our survey offers a general overview of text summarization along with datasets and evaluation metrics for meeting summarization. We also provide the performance of each summarizer on a leaderboard. We conclude our survey with different challenges in this domain and potential research opportunities for future researchers.",1,,include (seed_filter),https://arxiv.org/abs/2212.08206v1,https://arxiv.org/pdf/2212.08206v1,2022,dialogue summarization,meeting summarization,"{""arxiv_id"": ""2212.08206"", ""title"": ""Meeting Summarization: A Survey of the State of the Art"", ""summary"": ""Information overloading requires the need for summarizers to extract salient information from the text. Currently, there is an overload of dialogue data due to the rise of virtual communication platforms. The rise of Covid-19 has led people to rely on online communication platforms like Zoom, Slack, Microsoft Teams, Discord, etc. to conduct their company meetings. Instead of going through the entire meeting transcripts, people can use meeting summarizers to select useful data. Nevertheless, there is a lack of comprehensive surveys in the field of meeting summarizers. In this survey, we aim to cover recent meeting summarization techniques. Our survey offers a general overview of text summarization along with datasets and evaluation metrics for meeting summarization. We also provide the performance of each summarizer on a leaderboard. We conclude our survey with different challenges in this domain and potential research opportunities for future researchers."", ""authors"": [""Lakshmi Prasanna Kumar"", ""Arman Kabiri""], ""published"": ""2022-12-16T00:21:30Z"", ""updated"": ""2022-12-16T00:21:30Z"", ""categories"": [""cs.CL""], ""pdf_url"": ""https://arxiv.org/pdf/2212.08206v1"", ""landing_url"": ""https://arxiv.org/abs/2212.08206v1"", ""doi"": ""https://doi.org/10.48550/arXiv.2212.08206""}",2212.08206,https://openalex.org/W4311991923
10.48550/arxiv.2106.08556,Coreference-Aware Dialogue Summarization,"Summarizing conversations via neural approaches has been gaining research traction lately, yet it is still challenging to obtain practical solutions. Examples of such challenges include unstructured information exchange in dialogues, informal interactions between speakers, and dynamic role changes of speakers as the dialogue evolves. Many of such challenges result in complex coreference links. Therefore, in this work, we investigate different approaches to explicitly incorporate coreference information in neural abstractive dialogue summarization models to tackle the aforementioned challenges. Experimental results show that the proposed approaches achieve state-of-the-art performance, implying it is useful to utilize coreference information in dialogue summarization. Evaluation results on factual correctness suggest such coreference-aware models are better at tracing the information flow among interlocutors and associating accurate status/actions with the corresponding interlocutors and person mentions.",1,,include (junior:5),https://arxiv.org/abs/2106.08556v2,https://arxiv.org/pdf/2106.08556v2,2021,dialogue summarization,sequence to sequence,"{""arxiv_id"": ""2106.08556"", ""title"": ""Coreference-Aware Dialogue Summarization"", ""summary"": ""Summarizing conversations via neural approaches has been gaining research traction lately, yet it is still challenging to obtain practical solutions. Examples of such challenges include unstructured information exchange in dialogues, informal interactions between speakers, and dynamic role changes of speakers as the dialogue evolves. Many of such challenges result in complex coreference links. Therefore, in this work, we investigate different approaches to explicitly incorporate coreference information in neural abstractive dialogue summarization models to tackle the aforementioned challenges. Experimental results show that the proposed approaches achieve state-of-the-art performance, implying it is useful to utilize coreference information in dialogue summarization. Evaluation results on factual correctness suggest such coreference-aware models are better at tracing the information flow among interlocutors and associating accurate status/actions with the corresponding interlocutors and person mentions."", ""authors"": [""Zhengyuan Liu"", ""Ke Shi"", ""Nancy F. Chen""], ""published"": ""2021-06-16T05:18:50Z"", ""updated"": ""2021-09-14T11:38:28Z"", ""categories"": [""cs.CL"", ""cs.AI""], ""pdf_url"": ""https://arxiv.org/pdf/2106.08556v2"", ""landing_url"": ""https://arxiv.org/abs/2106.08556v2"", ""doi"": ""https://doi.org/10.48550/arXiv.2106.08556""}",2106.08556,https://openalex.org/W3169117666
10.48550/arxiv.2108.13139,CSDS: A Fine-Grained Chinese Dataset for Customer Service Dialogue Summarization,"Dialogue summarization has drawn much attention recently. Especially in the customer service domain, agents could use dialogue summaries to help boost their works by quickly knowing customer's issues and service progress. These applications require summaries to contain the perspective of a single speaker and have a clear topic flow structure, while neither are available in existing datasets. Therefore, in this paper, we introduce a novel Chinese dataset for Customer Service Dialogue Summarization (CSDS). CSDS improves the abstractive summaries in two aspects: (1) In addition to the overall summary for the whole dialogue, role-oriented summaries are also provided to acquire different speakers' viewpoints. (2) All the summaries sum up each topic separately, thus containing the topic-level structure of the dialogue. We define tasks in CSDS as generating the overall summary and different role-oriented summaries for a given dialogue. Next, we compare various summarization methods on CSDS, and experiment results show that existing methods are prone to generate redundant and incoherent summaries. Besides, the performance becomes much worse when analyzing the performance on role-oriented summaries and topic structures. We hope that this study could benchmark Chinese dialogue summarization and benefit further studies.",1,,include (junior:4),https://arxiv.org/abs/2108.13139v2,https://arxiv.org/pdf/2108.13139v2,2021,dialogue summarization,sequence to sequence,"{""arxiv_id"": ""2108.13139"", ""title"": ""CSDS: A Fine-Grained Chinese Dataset for Customer Service Dialogue Summarization"", ""summary"": ""Dialogue summarization has drawn much attention recently. Especially in the customer service domain, agents could use dialogue summaries to help boost their works by quickly knowing customer's issues and service progress. These applications require summaries to contain the perspective of a single speaker and have a clear topic flow structure, while neither are available in existing datasets. Therefore, in this paper, we introduce a novel Chinese dataset for Customer Service Dialogue Summarization (CSDS). CSDS improves the abstractive summaries in two aspects: (1) In addition to the overall summary for the whole dialogue, role-oriented summaries are also provided to acquire different speakers' viewpoints. (2) All the summaries sum up each topic separately, thus containing the topic-level structure of the dialogue. We define tasks in CSDS as generating the overall summary and different role-oriented summaries for a given dialogue. Next, we compare various summarization methods on CSDS, and experiment results show that existing methods are prone to generate redundant and incoherent summaries. Besides, the performance becomes much worse when analyzing the performance on role-oriented summaries and topic structures. We hope that this study could benchmark Chinese dialogue summarization and benefit further studies."", ""authors"": [""Haitao Lin"", ""Liqun Ma"", ""Junnan Zhu"", ""Lu Xiang"", ""Yu Zhou"", ""Jiajun Zhang"", ""Chengqing Zong""], ""published"": ""2021-08-30T11:56:58Z"", ""updated"": ""2021-09-06T06:39:19Z"", ""categories"": [""cs.CL""], ""pdf_url"": ""https://arxiv.org/pdf/2108.13139v2"", ""landing_url"": ""https://arxiv.org/abs/2108.13139v2"", ""doi"": ""https://doi.org/10.48550/arXiv.2108.13139""}",2108.13139,https://openalex.org/W3212198963
10.48550/arxiv.2109.04609,An Exploratory Study on Long Dialogue Summarization: What Works and What's Next,"Dialogue summarization helps readers capture salient information from long conversations in meetings, interviews, and TV series. However, real-world dialogues pose a great challenge to current summarization models, as the dialogue length typically exceeds the input limits imposed by recent transformer-based pre-trained models, and the interactive nature of dialogues makes relevant information more context-dependent and sparsely distributed than news articles. In this work, we perform a comprehensive study on long dialogue summarization by investigating three strategies to deal with the lengthy input problem and locate relevant information: (1) extended transformer models such as Longformer, (2) retrieve-then-summarize pipeline models with several dialogue utterance retrieval methods, and (3) hierarchical dialogue encoding models such as HMNet. Our experimental results on three long dialogue datasets (QMSum, MediaSum, SummScreen) show that the retrieve-then-summarize pipeline models yield the best performance. We also demonstrate that the summary quality can be further improved with a stronger retrieval model and pretraining on proper external summarization datasets.",1,,include (junior:5),https://arxiv.org/abs/2109.04609v1,https://arxiv.org/pdf/2109.04609v1,2021,dialogue summarization,sequence to sequence,"{""arxiv_id"": ""2109.04609"", ""title"": ""An Exploratory Study on Long Dialogue Summarization: What Works and What's Next"", ""summary"": ""Dialogue summarization helps readers capture salient information from long conversations in meetings, interviews, and TV series. However, real-world dialogues pose a great challenge to current summarization models, as the dialogue length typically exceeds the input limits imposed by recent transformer-based pre-trained models, and the interactive nature of dialogues makes relevant information more context-dependent and sparsely distributed than news articles. In this work, we perform a comprehensive study on long dialogue summarization by investigating three strategies to deal with the lengthy input problem and locate relevant information: (1) extended transformer models such as Longformer, (2) retrieve-then-summarize pipeline models with several dialogue utterance retrieval methods, and (3) hierarchical dialogue encoding models such as HMNet. Our experimental results on three long dialogue datasets (QMSum, MediaSum, SummScreen) show that the retrieve-then-summarize pipeline models yield the best performance. We also demonstrate that the summary quality can be further improved with a stronger retrieval model and pretraining on proper external summarization datasets."", ""authors"": [""Yusen Zhang"", ""Ansong Ni"", ""Tao Yu"", ""Rui Zhang"", ""Chenguang Zhu"", ""Budhaditya Deb"", ""Asli Celikyilmaz"", ""Ahmed Hassan Awadallah"", ""Dragomir Radev""], ""published"": ""2021-09-10T01:38:26Z"", ""updated"": ""2021-09-10T01:38:26Z"", ""categories"": [""cs.CL""], ""pdf_url"": ""https://arxiv.org/pdf/2109.04609v1"", ""landing_url"": ""https://arxiv.org/abs/2109.04609v1"", ""doi"": ""https://doi.org/10.48550/arXiv.2109.04609""}",2109.04609,https://openalex.org/W3199557213
10.48550/arxiv.2109.08232,A Bag of Tricks for Dialogue Summarization,"Dialogue summarization comes with its own peculiar challenges as opposed to news or scientific articles summarization. In this work, we explore four different challenges of the task: handling and differentiating parts of the dialogue belonging to multiple speakers, negation understanding, reasoning about the situation, and informal language understanding. Using a pretrained sequence-to-sequence language model, we explore speaker name substitution, negation scope highlighting, multi-task learning with relevant tasks, and pretraining on in-domain data. Our experiments show that our proposed techniques indeed improve summarization performance, outperforming strong baselines.",1,,include (junior:5),https://arxiv.org/abs/2109.08232v1,https://arxiv.org/pdf/2109.08232v1,2021,dialogue summarization,sequence to sequence,"{""arxiv_id"": ""2109.08232"", ""title"": ""A Bag of Tricks for Dialogue Summarization"", ""summary"": ""Dialogue summarization comes with its own peculiar challenges as opposed to news or scientific articles summarization. In this work, we explore four different challenges of the task: handling and differentiating parts of the dialogue belonging to multiple speakers, negation understanding, reasoning about the situation, and informal language understanding. Using a pretrained sequence-to-sequence language model, we explore speaker name substitution, negation scope highlighting, multi-task learning with relevant tasks, and pretraining on in-domain data. Our experiments show that our proposed techniques indeed improve summarization performance, outperforming strong baselines."", ""authors"": [""Muhammad Khalifa"", ""Miguel Ballesteros"", ""Kathleen McKeown""], ""published"": ""2021-09-16T21:32:02Z"", ""updated"": ""2021-09-16T21:32:02Z"", ""categories"": [""cs.CL""], ""pdf_url"": ""https://arxiv.org/pdf/2109.08232v1"", ""landing_url"": ""https://arxiv.org/abs/2109.08232v1"", ""doi"": ""https://doi.org/10.48550/arXiv.2109.08232""}",2109.08232,https://openalex.org/W3199944664
10.48550/arxiv.2111.03284,Dialogue Inspectional Summarization with Factual Inconsistency Awareness,"Dialogue summarization has been extensively studied and applied, where the prior works mainly focused on exploring superior model structures to align the input dialogue and the output summary. However, for professional dialogues (e.g., legal debate and medical diagnosis), semantic/statistical alignment can hardly fill the logical/factual gap between input dialogue discourse and summary output with external knowledge. In this paper, we mainly investigate the factual inconsistency problem for Dialogue Inspectional Summarization (DIS) under non-pretraining and pretraining settings. An innovative end-to-end dialogue summary generation framework is proposed with two auxiliary tasks: Expectant Factual Aspect Regularization (EFAR) and Missing Factual Entity Discrimination (MFED). Comprehensive experiments demonstrate that the proposed model can generate a more readable summary with accurate coverage of factual aspects as well as informing the user with potential missing facts detected from the input dialogue for further human intervention.",1,,include (junior:4),https://arxiv.org/abs/2111.03284v1,https://arxiv.org/pdf/2111.03284v1,2021,dialogue summarization,qmsum,"{""arxiv_id"": ""2111.03284"", ""title"": ""Dialogue Inspectional Summarization with Factual Inconsistency Awareness"", ""summary"": ""Dialogue summarization has been extensively studied and applied, where the prior works mainly focused on exploring superior model structures to align the input dialogue and the output summary. However, for professional dialogues (e.g., legal debate and medical diagnosis), semantic/statistical alignment can hardly fill the logical/factual gap between input dialogue discourse and summary output with external knowledge. In this paper, we mainly investigate the factual inconsistency problem for Dialogue Inspectional Summarization (DIS) under non-pretraining and pretraining settings. An innovative end-to-end dialogue summary generation framework is proposed with two auxiliary tasks: Expectant Factual Aspect Regularization (EFAR) and Missing Factual Entity Discrimination (MFED). Comprehensive experiments demonstrate that the proposed model can generate a more readable summary with accurate coverage of factual aspects as well as informing the user with potential missing facts detected from the input dialogue for further human intervention."", ""authors"": [""Leilei Gan"", ""Yating Zhang"", ""Kun Kuang"", ""Lin Yuan"", ""Shuo Li"", ""Changlong Sun"", ""Xiaozhong Liu"", ""Fei Wu""], ""published"": ""2021-11-05T06:26:22Z"", ""updated"": ""2021-11-05T06:26:22Z"", ""categories"": [""cs.CL"", ""cs.AI""], ""pdf_url"": ""https://arxiv.org/pdf/2111.03284v1"", ""landing_url"": ""https://arxiv.org/abs/2111.03284v1"", ""doi"": ""https://doi.org/10.48550/arXiv.2111.03284""}",2111.03284,https://openalex.org/W3214528656
10.18653/v1/2022.naacl-main.415,CONFIT: Toward Faithful Dialogue Summarization with Linguistically-Informed Contrastive Fine-tuning,"Factual inconsistencies in generated summaries severely limit the practical applications of abstractive dialogue summarization. Although significant progress has been achieved by using pre-trained models, substantial amounts of hallucinated content are found during the human evaluation. Pre-trained models are most commonly fine-tuned with cross-entropy loss for text summarization, which may not be an optimal strategy. In this work, we provide a typology of factual errors with annotation data to highlight the types of errors and move away from a binary understanding of factuality. We further propose a training strategy that improves the factual consistency and overall quality of summaries via a novel contrastive fine-tuning, called ConFiT. Based on our linguistically-informed typology of errors, we design different modular objectives that each target a specific type. Specifically, we utilize hard negative samples with errors to reduce the generation of factual inconsistency. In order to capture the key information between speakers, we also design a dialogue-specific loss. Using human evaluation and automatic faithfulness metrics, we show that our model significantly reduces all kinds of factual errors on the dialogue summarization, SAMSum corpus. Moreover, our model could be generalized to the meeting summarization, AMI corpus, and it produces significantly higher scores than most of the baselines on both datasets regarding word-overlap metrics.",1,,include (junior:5),https://arxiv.org/abs/2112.08713v2,https://arxiv.org/pdf/2112.08713v2,2021,dialogue summarization,sequence to sequence,"{""arxiv_id"": ""2112.08713"", ""title"": ""CONFIT: Toward Faithful Dialogue Summarization with Linguistically-Informed Contrastive Fine-tuning"", ""summary"": ""Factual inconsistencies in generated summaries severely limit the practical applications of abstractive dialogue summarization. Although significant progress has been achieved by using pre-trained models, substantial amounts of hallucinated content are found during the human evaluation. Pre-trained models are most commonly fine-tuned with cross-entropy loss for text summarization, which may not be an optimal strategy. In this work, we provide a typology of factual errors with annotation data to highlight the types of errors and move away from a binary understanding of factuality. We further propose a training strategy that improves the factual consistency and overall quality of summaries via a novel contrastive fine-tuning, called ConFiT. Based on our linguistically-informed typology of errors, we design different modular objectives that each target a specific type. Specifically, we utilize hard negative samples with errors to reduce the generation of factual inconsistency. In order to capture the key information between speakers, we also design a dialogue-specific loss. Using human evaluation and automatic faithfulness metrics, we show that our model significantly reduces all kinds of factual errors on the dialogue summarization, SAMSum corpus. Moreover, our model could be generalized to the meeting summarization, AMI corpus, and it produces significantly higher scores than most of the baselines on both datasets regarding word-overlap metrics."", ""authors"": [""Xiangru Tang"", ""Arjun Nair"", ""Borui Wang"", ""Bingyao Wang"", ""Jai Desai"", ""Aaron Wade"", ""Haoran Li"", ""Asli Celikyilmaz"", ""Yashar Mehdad"", ""Dragomir Radev""], ""published"": ""2021-12-16T09:08:40Z"", ""updated"": ""2022-07-09T04:21:33Z"", ""categories"": [""cs.CL""], ""pdf_url"": ""https://arxiv.org/pdf/2112.08713v2"", ""landing_url"": ""https://arxiv.org/abs/2112.08713v2"", ""doi"": ""https://doi.org/10.18653/v1/2022.naacl-main.415""}",2112.08713,https://openalex.org/W4287887652
10.48550/arxiv.2209.11910,A Focused Study on Sequence Length for Dialogue Summarization,"Output length is critical to dialogue summarization systems. The dialogue summary length is determined by multiple factors, including dialogue complexity, summary objective, and personal preferences. In this work, we approach dialogue summary length from three perspectives. First, we analyze the length differences between existing models' outputs and the corresponding human references and find that summarization models tend to produce more verbose summaries due to their pretraining objectives. Second, we identify salient features for summary length prediction by comparing different model settings. Third, we experiment with a length-aware summarizer and show notable improvement on existing models if summary length can be well incorporated. Analysis and experiments are conducted on popular DialogSum and SAMSum datasets to validate our findings.",1,,include (senior:4),https://arxiv.org/abs/2209.11910v2,https://arxiv.org/pdf/2209.11910v2,2022,dialogue summarization,sequence to sequence,"{""arxiv_id"": ""2209.11910"", ""title"": ""A Focused Study on Sequence Length for Dialogue Summarization"", ""summary"": ""Output length is critical to dialogue summarization systems. The dialogue summary length is determined by multiple factors, including dialogue complexity, summary objective, and personal preferences. In this work, we approach dialogue summary length from three perspectives. First, we analyze the length differences between existing models' outputs and the corresponding human references and find that summarization models tend to produce more verbose summaries due to their pretraining objectives. Second, we identify salient features for summary length prediction by comparing different model settings. Third, we experiment with a length-aware summarizer and show notable improvement on existing models if summary length can be well incorporated. Analysis and experiments are conducted on popular DialogSum and SAMSum datasets to validate our findings."", ""authors"": [""Bin Wang"", ""Chen Zhang"", ""Chengwei Wei"", ""Haizhou Li""], ""published"": ""2022-09-24T02:49:48Z"", ""updated"": ""2022-10-27T03:55:03Z"", ""categories"": [""cs.CL"", ""cs.HC""], ""pdf_url"": ""https://arxiv.org/pdf/2209.11910v2"", ""landing_url"": ""https://arxiv.org/abs/2209.11910v2"", ""doi"": ""https://doi.org/10.48550/arXiv.2209.11910""}",2209.1191,https://openalex.org/W4297411672
10.48550/arxiv.2210.11777,Analyzing and Evaluating Faithfulness in Dialogue Summarization,"Dialogue summarization is abstractive in nature, making it suffer from factual errors. The factual correctness of summaries has the highest priority before practical applications. Many efforts have been made to improve faithfulness in text summarization. However, there is a lack of systematic study on dialogue summarization systems. In this work, we first perform the fine-grained human analysis on the faithfulness of dialogue summaries and observe that over 35% of generated summaries are faithfully inconsistent respective the source dialogues. Furthermore, we present a new model-level faithfulness evaluation method. It examines generation models with multi-choice questions created by rule-based transformations. Experimental results show that our evaluation schema is a strong proxy for the factual correctness of summarization models. The human-annotated faithfulness samples and the evaluation toolkit are released to facilitate future research toward faithful dialogue summarization.",1,,include (junior:5),https://arxiv.org/abs/2210.11777v1,https://arxiv.org/pdf/2210.11777v1,2022,dialogue summarization,sequence to sequence,"{""arxiv_id"": ""2210.11777"", ""title"": ""Analyzing and Evaluating Faithfulness in Dialogue Summarization"", ""summary"": ""Dialogue summarization is abstractive in nature, making it suffer from factual errors. The factual correctness of summaries has the highest priority before practical applications. Many efforts have been made to improve faithfulness in text summarization. However, there is a lack of systematic study on dialogue summarization systems. In this work, we first perform the fine-grained human analysis on the faithfulness of dialogue summaries and observe that over 35% of generated summaries are faithfully inconsistent respective the source dialogues. Furthermore, we present a new model-level faithfulness evaluation method. It examines generation models with multi-choice questions created by rule-based transformations. Experimental results show that our evaluation schema is a strong proxy for the factual correctness of summarization models. The human-annotated faithfulness samples and the evaluation toolkit are released to facilitate future research toward faithful dialogue summarization."", ""authors"": [""Bin Wang"", ""Chen Zhang"", ""Yan Zhang"", ""Yiming Chen"", ""Haizhou Li""], ""published"": ""2022-10-21T07:22:43Z"", ""updated"": ""2022-10-21T07:22:43Z"", ""categories"": [""cs.CL""], ""pdf_url"": ""https://arxiv.org/pdf/2210.11777v1"", ""landing_url"": ""https://arxiv.org/abs/2210.11777v1"", ""doi"": ""https://doi.org/10.48550/arXiv.2210.11777""}",2210.11777,https://openalex.org/W4307205406
10.48550/arxiv.2211.07145,Towards Understanding Omission in Dialogue Summarization,"Dialogue summarization aims to condense the lengthy dialogue into a concise summary, and has recently achieved significant progress. However, the result of existing methods is still far from satisfactory. Previous works indicated that omission is a major factor in affecting the quality of summarization, but few of them have further explored the omission problem, such as how omission affects summarization results and how to detect omission, which is critical for reducing omission and improving summarization quality. Moreover, analyzing and detecting omission relies on summarization datasets with omission labels (i.e., which dialogue utterances are omitted in the summarization), which are not available in the current literature. In this paper, we propose the OLDS dataset, which provides high-quality Omission Labels for Dialogue Summarization. By analyzing this dataset, we find that a large improvement in summarization quality can be achieved by providing ground-truth omission labels for the summarization model to recover omission information, which demonstrates the importance of omission detection for omission mitigation in dialogue summarization. Therefore, we formulate an omission detection task and demonstrate our proposed dataset can support the training and evaluation of this task well. We also call for research action on omission detection based on our proposed datasets. Our dataset and codes are publicly available.",1,,include (junior:5),https://arxiv.org/abs/2211.07145v2,https://arxiv.org/pdf/2211.07145v2,2022,dialogue summarization,sequence to sequence,"{""arxiv_id"": ""2211.07145"", ""title"": ""Towards Understanding Omission in Dialogue Summarization"", ""summary"": ""Dialogue summarization aims to condense the lengthy dialogue into a concise summary, and has recently achieved significant progress. However, the result of existing methods is still far from satisfactory. Previous works indicated that omission is a major factor in affecting the quality of summarization, but few of them have further explored the omission problem, such as how omission affects summarization results and how to detect omission, which is critical for reducing omission and improving summarization quality. Moreover, analyzing and detecting omission relies on summarization datasets with omission labels (i.e., which dialogue utterances are omitted in the summarization), which are not available in the current literature. In this paper, we propose the OLDS dataset, which provides high-quality Omission Labels for Dialogue Summarization. By analyzing this dataset, we find that a large improvement in summarization quality can be achieved by providing ground-truth omission labels for the summarization model to recover omission information, which demonstrates the importance of omission detection for omission mitigation in dialogue summarization. Therefore, we formulate an omission detection task and demonstrate our proposed dataset can support the training and evaluation of this task well. We also call for research action on omission detection based on our proposed datasets. Our dataset and codes are publicly available."", ""authors"": [""Yicheng Zou"", ""Kaitao Song"", ""Xu Tan"", ""Zhongkai Fu"", ""Qi Zhang"", ""Dongsheng Li"", ""Tao Gui""], ""published"": ""2022-11-14T06:56:59Z"", ""updated"": ""2023-05-11T13:26:02Z"", ""categories"": [""cs.CL""], ""pdf_url"": ""https://arxiv.org/pdf/2211.07145v2"", ""landing_url"": ""https://arxiv.org/abs/2211.07145v2"", ""doi"": ""https://doi.org/10.48550/arXiv.2211.07145""}",2211.07145,https://openalex.org/W4320021825
10.48550/arxiv.2211.08464,ED-FAITH: Evaluating Dialogue Summarization on Faithfulness,"Abstractive summarization models typically generate content unfaithful to the input, thus highlighting the significance of evaluating the faithfulness of generated summaries. Most faithfulness metrics are only evaluated on news domain, can they be transferred to other summarization tasks? In this work, we first present a systematic study of faithfulness metrics for dialogue summarization. We evaluate common faithfulness metrics on dialogue datasets and observe that most metrics correlate poorly with human judgements despite performing well on news datasets. Given these findings, to improve existing metrics' performance on dialogue summarization, we first finetune on in-domain dataset, then apply unlikelihood training on negative samples, and show that they can successfully improve metric performance on dialogue data. Inspired by the strong zero-shot performance of the T0 language model, we further propose T0-Score -- a new metric for faithfulness evaluation, which shows consistent improvement against baseline metrics across multiple domains.",1,,include (junior:4),https://arxiv.org/abs/2211.08464v1,https://arxiv.org/pdf/2211.08464v1,2022,dialogue summarization,sequence to sequence,"{""arxiv_id"": ""2211.08464"", ""title"": ""ED-FAITH: Evaluating Dialogue Summarization on Faithfulness"", ""summary"": ""Abstractive summarization models typically generate content unfaithful to the input, thus highlighting the significance of evaluating the faithfulness of generated summaries. Most faithfulness metrics are only evaluated on news domain, can they be transferred to other summarization tasks? In this work, we first present a systematic study of faithfulness metrics for dialogue summarization. We evaluate common faithfulness metrics on dialogue datasets and observe that most metrics correlate poorly with human judgements despite performing well on news datasets. Given these findings, to improve existing metrics' performance on dialogue summarization, we first finetune on in-domain dataset, then apply unlikelihood training on negative samples, and show that they can successfully improve metric performance on dialogue data. Inspired by the strong zero-shot performance of the T0 language model, we further propose T0-Score -- a new metric for faithfulness evaluation, which shows consistent improvement against baseline metrics across multiple domains."", ""authors"": [""Sicong Huang"", ""Asli Celikyilmaz"", ""Haoran Li""], ""published"": ""2022-11-15T19:33:50Z"", ""updated"": ""2022-11-15T19:33:50Z"", ""categories"": [""cs.CL""], ""pdf_url"": ""https://arxiv.org/pdf/2211.08464v1"", ""landing_url"": ""https://arxiv.org/abs/2211.08464v1"", ""doi"": ""https://doi.org/10.48550/arXiv.2211.08464""}",2211.08464,https://openalex.org/W4309299894
10.48550/arxiv.2301.10483,SWING: Balancing Coverage and Faithfulness for Dialogue Summarization,"Missing information is a common issue of dialogue summarization where some information in the reference summaries is not covered in the generated summaries. To address this issue, we propose to utilize natural language inference (NLI) models to improve coverage while avoiding introducing factual inconsistencies. Specifically, we use NLI to compute fine-grained training signals to encourage the model to generate content in the reference summaries that have not been covered, as well as to distinguish between factually consistent and inconsistent generated sentences. Experiments on the DialogSum and SAMSum datasets confirm the effectiveness of the proposed approach in balancing coverage and faithfulness, validated with automatic metrics and human evaluations. Additionally, we compute the correlation between commonly used automatic metrics with human judgments in terms of three different dimensions regarding coverage and factual consistency to provide insight into the most suitable metric for evaluating dialogue summaries.",1,,include (junior:5),https://arxiv.org/abs/2301.10483v1,https://arxiv.org/pdf/2301.10483v1,2023,dialogue summarization,sequence to sequence,"{""arxiv_id"": ""2301.10483"", ""title"": ""SWING: Balancing Coverage and Faithfulness for Dialogue Summarization"", ""summary"": ""Missing information is a common issue of dialogue summarization where some information in the reference summaries is not covered in the generated summaries. To address this issue, we propose to utilize natural language inference (NLI) models to improve coverage while avoiding introducing factual inconsistencies. Specifically, we use NLI to compute fine-grained training signals to encourage the model to generate content in the reference summaries that have not been covered, as well as to distinguish between factually consistent and inconsistent generated sentences. Experiments on the DialogSum and SAMSum datasets confirm the effectiveness of the proposed approach in balancing coverage and faithfulness, validated with automatic metrics and human evaluations. Additionally, we compute the correlation between commonly used automatic metrics with human judgments in terms of three different dimensions regarding coverage and factual consistency to provide insight into the most suitable metric for evaluating dialogue summaries."", ""authors"": [""Kung-Hsiang Huang"", ""Siffi Singh"", ""Xiaofei Ma"", ""Wei Xiao"", ""Feng Nan"", ""Nicholas Dingwall"", ""William Yang Wang"", ""Kathleen McKeown""], ""published"": ""2023-01-25T09:33:11Z"", ""updated"": ""2023-01-25T09:33:11Z"", ""categories"": [""cs.CL""], ""pdf_url"": ""https://arxiv.org/pdf/2301.10483v1"", ""landing_url"": ""https://arxiv.org/abs/2301.10483v1"", ""doi"": ""https://doi.org/10.48550/arXiv.2301.10483""}",2301.10483,https://openalex.org/W4318239921
10.48550/arxiv.2305.16548,Annotating and Detecting Fine-grained Factual Errors for Dialogue Summarization,"A series of datasets and models have been proposed for summaries generated for well-formatted documents such as news articles. Dialogue summaries, however, have been under explored. In this paper, we present the first dataset with fine-grained factual error annotations named DIASUMFACT. We define fine-grained factual error detection as a sentence-level multi-label classification problem, and we evaluate two state-of-the-art (SOTA) models on our dataset. Both models yield sub-optimal results, with a macro-averaged F1 score of around 0.25 over 6 error classes. We further propose an unsupervised model ENDERANKER via candidate ranking using pretrained encoder-decoder models. Our model performs on par with the SOTA models while requiring fewer resources. These observations confirm the challenges in detecting factual errors from dialogue summaries, which call for further studies, for which our dataset and results offer a solid foundation.",1,,include (senior:5),https://arxiv.org/abs/2305.16548v1,https://arxiv.org/pdf/2305.16548v1,2023,dialogue summarization,icsi,"{""arxiv_id"": ""2305.16548"", ""title"": ""Annotating and Detecting Fine-grained Factual Errors for Dialogue Summarization"", ""summary"": ""A series of datasets and models have been proposed for summaries generated for well-formatted documents such as news articles. Dialogue summaries, however, have been under explored. In this paper, we present the first dataset with fine-grained factual error annotations named DIASUMFACT. We define fine-grained factual error detection as a sentence-level multi-label classification problem, and we evaluate two state-of-the-art (SOTA) models on our dataset. Both models yield sub-optimal results, with a macro-averaged F1 score of around 0.25 over 6 error classes. We further propose an unsupervised model ENDERANKER via candidate ranking using pretrained encoder-decoder models. Our model performs on par with the SOTA models while requiring fewer resources. These observations confirm the challenges in detecting factual errors from dialogue summaries, which call for further studies, for which our dataset and results offer a solid foundation."", ""authors"": [""Rongxin Zhu"", ""Jianzhong Qi"", ""Jey Han Lau""], ""published"": ""2023-05-26T00:18:33Z"", ""updated"": ""2023-05-26T00:18:33Z"", ""categories"": [""cs.CL"", ""cs.AI""], ""pdf_url"": ""https://arxiv.org/pdf/2305.16548v1"", ""landing_url"": ""https://arxiv.org/abs/2305.16548v1"", ""doi"": ""https://doi.org/10.48550/arXiv.2305.16548""}",2305.16548,https://openalex.org/W4378713410
10.48550/arxiv.2305.17364,An Investigation of Evaluation Metrics for Automated Medical Note Generation,"Recent studies on automatic note generation have shown that doctors can save significant amounts of time when using automatic clinical note generation (Knoll et al., 2022). Summarization models have been used for this task to generate clinical notes as summaries of doctor-patient conversations (Krishna et al., 2021; Cai et al., 2022). However, assessing which model would best serve clinicians in their daily practice is still a challenging task due to the large set of possible correct summaries, and the potential limitations of automatic evaluation metrics. In this paper, we study evaluation methods and metrics for the automatic generation of clinical notes from medical conversations. In particular, we propose new task-specific metrics and we compare them to SOTA evaluation metrics in text summarization and generation, including: (i) knowledge-graph embedding-based metrics, (ii) customized model-based metrics, (iii) domain-adapted/fine-tuned metrics, and (iv) ensemble metrics. To study the correlation between the automatic metrics and manual judgments, we evaluate automatic notes/summaries by comparing the system and reference facts and computing the factual correctness, and the hallucination and omission rates for critical medical facts. This study relied on seven datasets manually annotated by domain experts. Our experiments show that automatic evaluation metrics can have substantially different behaviors on different types of clinical notes datasets. However, the results highlight one stable subset of metrics as the most correlated with human judgments with a relevant aggregation of different evaluation criteria.",1,,include (senior:4),https://arxiv.org/abs/2305.17364v1,https://arxiv.org/pdf/2305.17364v1,2023,dialogue summarization,evaluation metrics,"{""arxiv_id"": ""2305.17364"", ""title"": ""An Investigation of Evaluation Metrics for Automated Medical Note Generation"", ""summary"": ""Recent studies on automatic note generation have shown that doctors can save significant amounts of time when using automatic clinical note generation (Knoll et al., 2022). Summarization models have been used for this task to generate clinical notes as summaries of doctor-patient conversations (Krishna et al., 2021; Cai et al., 2022). However, assessing which model would best serve clinicians in their daily practice is still a challenging task due to the large set of possible correct summaries, and the potential limitations of automatic evaluation metrics. In this paper, we study evaluation methods and metrics for the automatic generation of clinical notes from medical conversations. In particular, we propose new task-specific metrics and we compare them to SOTA evaluation metrics in text summarization and generation, including: (i) knowledge-graph embedding-based metrics, (ii) customized model-based metrics, (iii) domain-adapted/fine-tuned metrics, and (iv) ensemble metrics. To study the correlation between the automatic metrics and manual judgments, we evaluate automatic notes/summaries by comparing the system and reference facts and computing the factual correctness, and the hallucination and omission rates for critical medical facts. This study relied on seven datasets manually annotated by domain experts. Our experiments show that automatic evaluation metrics can have substantially different behaviors on different types of clinical notes datasets. However, the results highlight one stable subset of metrics as the most correlated with human judgments with a relevant aggregation of different evaluation criteria."", ""authors"": [""Asma Ben Abacha"", ""Wen-wai Yim"", ""George Michalopoulos"", ""Thomas Lin""], ""published"": ""2023-05-27T04:34:58Z"", ""updated"": ""2023-05-27T04:34:58Z"", ""categories"": [""cs.CL"", ""cs.AI"", ""cs.LG""], ""pdf_url"": ""https://arxiv.org/pdf/2305.17364v1"", ""landing_url"": ""https://arxiv.org/abs/2305.17364v1"", ""doi"": ""https://doi.org/10.48550/arXiv.2305.17364""}",2305.17364,https://openalex.org/W4378770578
10.48550/arxiv.2306.05119,Reference Matters: Benchmarking Factual Error Correction for Dialogue Summarization with Fine-grained Evaluation Framework,"Factuality is important to dialogue summarization. Factual error correction (FEC) of model-generated summaries is one way to improve factuality. Current FEC evaluation that relies on factuality metrics is not reliable and detailed enough. To address this problem, we are the first to manually annotate a FEC dataset for dialogue summarization containing 4000 items and propose FERRANTI, a fine-grained evaluation framework based on reference correction that automatically evaluates the performance of FEC models on different error categories. Using this evaluation framework, we conduct sufficient experiments with FEC approaches under a variety of settings and find the best training modes and significant differences in the performance of the existing approaches on different factual error categories.",1,,include (junior:4),https://arxiv.org/abs/2306.05119v1,https://arxiv.org/pdf/2306.05119v1,2023,dialogue summarization,sequence to sequence,"{""arxiv_id"": ""2306.05119"", ""title"": ""Reference Matters: Benchmarking Factual Error Correction for Dialogue Summarization with Fine-grained Evaluation Framework"", ""summary"": ""Factuality is important to dialogue summarization. Factual error correction (FEC) of model-generated summaries is one way to improve factuality. Current FEC evaluation that relies on factuality metrics is not reliable and detailed enough. To address this problem, we are the first to manually annotate a FEC dataset for dialogue summarization containing 4000 items and propose FERRANTI, a fine-grained evaluation framework based on reference correction that automatically evaluates the performance of FEC models on different error categories. Using this evaluation framework, we conduct sufficient experiments with FEC approaches under a variety of settings and find the best training modes and significant differences in the performance of the existing approaches on different factual error categories."", ""authors"": [""Mingqi Gao"", ""Xiaojun Wan"", ""Jia Su"", ""Zhefeng Wang"", ""Baoxing Huai""], ""published"": ""2023-06-08T11:41:39Z"", ""updated"": ""2023-06-08T11:41:39Z"", ""categories"": [""cs.CL""], ""pdf_url"": ""https://arxiv.org/pdf/2306.05119v1"", ""landing_url"": ""https://arxiv.org/abs/2306.05119v1"", ""doi"": ""https://doi.org/10.48550/arXiv.2306.05119""}",2306.05119,https://openalex.org/W4380136521
10.48550/arxiv.2307.12371,PSentScore: Evaluating Sentiment Polarity in Dialogue Summarization,"Automatic dialogue summarization is a well-established task with the goal of distilling the most crucial information from human conversations into concise textual summaries. However, most existing research has predominantly focused on summarizing factual information, neglecting the affective content, which can hold valuable insights for analyzing, monitoring, or facilitating human interactions. In this paper, we introduce and assess a set of measures PSentScore, aimed at quantifying the preservation of affective content in dialogue summaries. Our findings indicate that state-of-the-art summarization models do not preserve well the affective content within their summaries. Moreover, we demonstrate that a careful selection of the training set for dialogue samples can lead to improved preservation of affective content in the generated summaries, albeit with a minor reduction in content-related metrics.",1,,include (senior:4),https://arxiv.org/abs/2307.12371v2,https://arxiv.org/pdf/2307.12371v2,2023,dialogue summarization,sequence to sequence,"{""arxiv_id"": ""2307.12371"", ""title"": ""PSentScore: Evaluating Sentiment Polarity in Dialogue Summarization"", ""summary"": ""Automatic dialogue summarization is a well-established task with the goal of distilling the most crucial information from human conversations into concise textual summaries. However, most existing research has predominantly focused on summarizing factual information, neglecting the affective content, which can hold valuable insights for analyzing, monitoring, or facilitating human interactions. In this paper, we introduce and assess a set of measures PSentScore, aimed at quantifying the preservation of affective content in dialogue summaries. Our findings indicate that state-of-the-art summarization models do not preserve well the affective content within their summaries. Moreover, we demonstrate that a careful selection of the training set for dialogue samples can lead to improved preservation of affective content in the generated summaries, albeit with a minor reduction in content-related metrics."", ""authors"": [""Yongxin Zhou"", ""Fabien Ringeval"", ""François Portet""], ""published"": ""2023-07-23T16:46:01Z"", ""updated"": ""2024-05-03T16:48:50Z"", ""categories"": [""cs.CL""], ""pdf_url"": ""https://arxiv.org/pdf/2307.12371v2"", ""landing_url"": ""https://arxiv.org/abs/2307.12371v2"", ""doi"": ""https://doi.org/10.48550/arXiv.2307.12371""}",2307.12371,https://openalex.org/W4385261561
10.48550/arxiv.2309.02105,Improving Query-Focused Meeting Summarization with Query-Relevant Knowledge,"Query-Focused Meeting Summarization (QFMS) aims to generate a summary of a given meeting transcript conditioned upon a query. The main challenges for QFMS are the long input text length and sparse query-relevant information in the meeting transcript. In this paper, we propose a knowledge-enhanced two-stage framework called Knowledge-Aware Summarizer (KAS) to tackle the challenges. In the first stage, we introduce knowledge-aware scores to improve the query-relevant segment extraction. In the second stage, we incorporate query-relevant knowledge in the summary generation. Experimental results on the QMSum dataset show that our approach achieves state-of-the-art performance. Further analysis proves the competency of our methods in generating relevant and faithful summaries.",1,,include (junior:4),https://arxiv.org/abs/2309.02105v1,https://arxiv.org/pdf/2309.02105v1,2023,dialogue summarization,qmsum,"{""arxiv_id"": ""2309.02105"", ""title"": ""Improving Query-Focused Meeting Summarization with Query-Relevant Knowledge"", ""summary"": ""Query-Focused Meeting Summarization (QFMS) aims to generate a summary of a given meeting transcript conditioned upon a query. The main challenges for QFMS are the long input text length and sparse query-relevant information in the meeting transcript. In this paper, we propose a knowledge-enhanced two-stage framework called Knowledge-Aware Summarizer (KAS) to tackle the challenges. In the first stage, we introduce knowledge-aware scores to improve the query-relevant segment extraction. In the second stage, we incorporate query-relevant knowledge in the summary generation. Experimental results on the QMSum dataset show that our approach achieves state-of-the-art performance. Further analysis proves the competency of our methods in generating relevant and faithful summaries."", ""authors"": [""Tiezheng Yu"", ""Ziwei Ji"", ""Pascale Fung""], ""published"": ""2023-09-05T10:26:02Z"", ""updated"": ""2023-09-05T10:26:02Z"", ""categories"": [""cs.CL"", ""cs.AI""], ""pdf_url"": ""https://arxiv.org/pdf/2309.02105v1"", ""landing_url"": ""https://arxiv.org/abs/2309.02105v1"", ""doi"": ""https://doi.org/10.48550/arXiv.2309.02105""}",2309.02105,https://openalex.org/W4386557490
10.48550/arxiv.2310.16810,Can GPT models Follow Human Summarization Guidelines? A Study for Targeted Communication Goals,"This study investigates the ability of GPT models (ChatGPT, GPT-4 and GPT-4o) to generate dialogue summaries that adhere to human guidelines. Our evaluation involved experimenting with various prompts to guide the models in complying with guidelines on two datasets: DialogSum (English social conversations) and DECODA (French call center interactions). Human evaluation, based on summarization guidelines, served as the primary assessment method, complemented by extensive quantitative and qualitative analyses. Our findings reveal a preference for GPT-generated summaries over those from task-specific pre-trained models and reference summaries, highlighting GPT models' ability to follow human guidelines despite occasionally producing longer outputs and exhibiting divergent lexical and structural alignment with references. The discrepancy between ROUGE, BERTScore, and human evaluation underscores the need for more reliable automatic evaluation metrics.",1,,include (junior:4),https://arxiv.org/abs/2310.16810v3,https://arxiv.org/pdf/2310.16810v3,2023,abstractive dialogue summarization,bertscore,"{""arxiv_id"": ""2310.16810"", ""title"": ""Can GPT models Follow Human Summarization Guidelines? A Study for Targeted Communication Goals"", ""summary"": ""This study investigates the ability of GPT models (ChatGPT, GPT-4 and GPT-4o) to generate dialogue summaries that adhere to human guidelines. Our evaluation involved experimenting with various prompts to guide the models in complying with guidelines on two datasets: DialogSum (English social conversations) and DECODA (French call center interactions). Human evaluation, based on summarization guidelines, served as the primary assessment method, complemented by extensive quantitative and qualitative analyses. Our findings reveal a preference for GPT-generated summaries over those from task-specific pre-trained models and reference summaries, highlighting GPT models' ability to follow human guidelines despite occasionally producing longer outputs and exhibiting divergent lexical and structural alignment with references. The discrepancy between ROUGE, BERTScore, and human evaluation underscores the need for more reliable automatic evaluation metrics."", ""authors"": [""Yongxin Zhou"", ""Fabien Ringeval"", ""François Portet""], ""published"": ""2023-10-25T17:39:07Z"", ""updated"": ""2025-10-04T23:22:58Z"", ""categories"": [""cs.CL"", ""cs.AI""], ""pdf_url"": ""https://arxiv.org/pdf/2310.16810v3"", ""landing_url"": ""https://arxiv.org/abs/2310.16810v3"", ""doi"": ""https://doi.org/10.48550/arXiv.2310.16810""}",2310.1681,https://openalex.org/W4387994297
10.48550/arxiv.2311.07194,Exploring the Factual Consistency in Dialogue Comprehension of Large Language Models,"LLMs (Large Language Models) usually interact with users in the form of dialogue and generate responses following their instructions, which naturally require dialogue comprehension abilities. However, dialogue comprehension is a general language ability which is hard to be evaluated directly. In this work, we propose to perform the evaluation focusing on the factual consistency issue with the help of the dialogue summarization task. Besides evaluating and analyzing the dialogue summarization performance (DIAC-Sum) of different LLMs, we also derive factual questions from the generated summaries and use them as a more flexible measurement of dialogue comprehension (DIAC-QA). Our evaluation shows that, on average, 26.8% of the summaries generated by LLMs contain factual inconsistency. Even ChatGPT, the strongest model evaluated, has such errors in 16% of its summaries. For answering the factual questions, which is more challenging, the average error rate of all evaluated LLMs is 36.1%. Both results indicate serious deficiencies. Detailed analysis shows that the understanding of subject/object of the conversation is still challenging for LLMs. Furthermore, to stimulate and enhance the dialogue comprehension ability of LLMs, we propose a fine-tuning paradigm with auto-constructed multi-task data, which achieved a relative error rate reduction of 11% on DIAC-QA.",1,,include (junior:5),https://arxiv.org/abs/2311.07194v3,https://arxiv.org/pdf/2311.07194v3,2023,dialogue summarization,icsi,"{""arxiv_id"": ""2311.07194"", ""title"": ""Exploring the Factual Consistency in Dialogue Comprehension of Large Language Models"", ""summary"": ""LLMs (Large Language Models) usually interact with users in the form of dialogue and generate responses following their instructions, which naturally require dialogue comprehension abilities. However, dialogue comprehension is a general language ability which is hard to be evaluated directly. In this work, we propose to perform the evaluation focusing on the factual consistency issue with the help of the dialogue summarization task. Besides evaluating and analyzing the dialogue summarization performance (DIAC-Sum) of different LLMs, we also derive factual questions from the generated summaries and use them as a more flexible measurement of dialogue comprehension (DIAC-QA). Our evaluation shows that, on average, 26.8% of the summaries generated by LLMs contain factual inconsistency. Even ChatGPT, the strongest model evaluated, has such errors in 16% of its summaries. For answering the factual questions, which is more challenging, the average error rate of all evaluated LLMs is 36.1%. Both results indicate serious deficiencies. Detailed analysis shows that the understanding of subject/object of the conversation is still challenging for LLMs. Furthermore, to stimulate and enhance the dialogue comprehension ability of LLMs, we propose a fine-tuning paradigm with auto-constructed multi-task data, which achieved a relative error rate reduction of 11% on DIAC-QA."", ""authors"": [""Shuaijie She"", ""Shujian Huang"", ""Xingyun Wang"", ""Yanke Zhou"", ""Jiajun Chen""], ""published"": ""2023-11-13T09:32:12Z"", ""updated"": ""2024-04-01T16:37:50Z"", ""categories"": [""cs.CL""], ""pdf_url"": ""https://arxiv.org/pdf/2311.07194v3"", ""landing_url"": ""https://arxiv.org/abs/2311.07194v3"", ""doi"": ""https://doi.org/10.48550/arXiv.2311.07194""}",2311.07194,https://openalex.org/W4388685402
10.48550/arxiv.2311.08705,Evaluating Robustness of Dialogue Summarization Models in the Presence of Naturally Occurring Variations,"Dialogue summarization task involves summarizing long conversations while preserving the most salient information. Real-life dialogues often involve naturally occurring variations (e.g., repetitions, hesitations) and existing dialogue summarization models suffer from performance drop on such conversations. In this study, we systematically investigate the impact of such variations on state-of-the-art dialogue summarization models using publicly available datasets. To simulate real-life variations, we introduce two types of perturbations: utterance-level perturbations that modify individual utterances with errors and language variations, and dialogue-level perturbations that add non-informative exchanges (e.g., repetitions, greetings). We conduct our analysis along three dimensions of robustness: consistency, saliency, and faithfulness, which capture different aspects of the summarization model's performance. We find that both fine-tuned and instruction-tuned models are affected by input variations, with the latter being more susceptible, particularly to dialogue-level perturbations. We also validate our findings via human evaluation. Finally, we investigate if the robustness of fine-tuned models can be improved by training them with a fraction of perturbed data and observe that this approach is insufficient to address robustness challenges with current models and thus warrants a more thorough investigation to identify better solutions. Overall, our work highlights robustness challenges in dialogue summarization and provides insights for future research.",1,,include (junior:4),https://arxiv.org/abs/2311.08705v1,https://arxiv.org/pdf/2311.08705v1,2023,dialogue summarization,sequence to sequence,"{""arxiv_id"": ""2311.08705"", ""title"": ""Evaluating Robustness of Dialogue Summarization Models in the Presence of Naturally Occurring Variations"", ""summary"": ""Dialogue summarization task involves summarizing long conversations while preserving the most salient information. Real-life dialogues often involve naturally occurring variations (e.g., repetitions, hesitations) and existing dialogue summarization models suffer from performance drop on such conversations. In this study, we systematically investigate the impact of such variations on state-of-the-art dialogue summarization models using publicly available datasets. To simulate real-life variations, we introduce two types of perturbations: utterance-level perturbations that modify individual utterances with errors and language variations, and dialogue-level perturbations that add non-informative exchanges (e.g., repetitions, greetings). We conduct our analysis along three dimensions of robustness: consistency, saliency, and faithfulness, which capture different aspects of the summarization model's performance. We find that both fine-tuned and instruction-tuned models are affected by input variations, with the latter being more susceptible, particularly to dialogue-level perturbations. We also validate our findings via human evaluation. Finally, we investigate if the robustness of fine-tuned models can be improved by training them with a fraction of perturbed data and observe that this approach is insufficient to address robustness challenges with current models and thus warrants a more thorough investigation to identify better solutions. Overall, our work highlights robustness challenges in dialogue summarization and provides insights for future research."", ""authors"": [""Ankita Gupta"", ""Chulaka Gunasekara"", ""Hui Wan"", ""Jatin Ganhotra"", ""Sachindra Joshi"", ""Marina Danilevsky""], ""published"": ""2023-11-15T05:11:43Z"", ""updated"": ""2023-11-15T05:11:43Z"", ""categories"": [""cs.CL""], ""pdf_url"": ""https://arxiv.org/pdf/2311.08705v1"", ""landing_url"": ""https://arxiv.org/abs/2311.08705v1"", ""doi"": ""https://doi.org/10.48550/arXiv.2311.08705""}",2311.08705,https://openalex.org/W4388748039
10.48550/arxiv.2312.14346,Don't Believe Everything You Read: Enhancing Summarization Interpretability through Automatic Identification of Hallucinations in Large Language Models,"Large Language Models (LLMs) are adept at text manipulation -- tasks such as machine translation and text summarization. However, these models can also be prone to hallucination, which can be detrimental to the faithfulness of any answers that the model provides. Recent works in combating hallucinations in LLMs deal with identifying hallucinated sentences and categorizing the different ways in which models hallucinate. This paper takes a deep dive into LLM behavior with respect to hallucinations, defines a token-level approach to identifying different kinds of hallucinations, and further utilizes this token-level tagging to improve the interpretability and faithfulness of LLMs in dialogue summarization tasks. Through this, the paper presents a new, enhanced dataset and a new training paradigm.",1,,include (senior:4),https://arxiv.org/abs/2312.14346v2,https://arxiv.org/pdf/2312.14346v2,2023,dialogue summarization,icsi,"{""arxiv_id"": ""2312.14346"", ""title"": ""Don't Believe Everything You Read: Enhancing Summarization Interpretability through Automatic Identification of Hallucinations in Large Language Models"", ""summary"": ""Large Language Models (LLMs) are adept at text manipulation -- tasks such as machine translation and text summarization. However, these models can also be prone to hallucination, which can be detrimental to the faithfulness of any answers that the model provides. Recent works in combating hallucinations in LLMs deal with identifying hallucinated sentences and categorizing the different ways in which models hallucinate. This paper takes a deep dive into LLM behavior with respect to hallucinations, defines a token-level approach to identifying different kinds of hallucinations, and further utilizes this token-level tagging to improve the interpretability and faithfulness of LLMs in dialogue summarization tasks. Through this, the paper presents a new, enhanced dataset and a new training paradigm."", ""authors"": [""Priyesh Vakharia"", ""Devavrat Joshi"", ""Meenal Chavan"", ""Dhananjay Sonawane"", ""Bhrigu Garg"", ""Parsa Mazaheri""], ""published"": ""2023-12-22T00:31:46Z"", ""updated"": ""2024-04-03T02:49:25Z"", ""categories"": [""cs.CL"", ""cs.AI""], ""pdf_url"": ""https://arxiv.org/pdf/2312.14346v2"", ""landing_url"": ""https://arxiv.org/abs/2312.14346v2"", ""doi"": ""https://doi.org/10.48550/arXiv.2312.14346""}",2312.14346,https://openalex.org/W4390214445
10.48550/arxiv.2402.13249,TofuEval: Evaluating Hallucinations of LLMs on Topic-Focused Dialogue Summarization,"Single document news summarization has seen substantial progress on faithfulness in recent years, driven by research on the evaluation of factual consistency, or hallucinations. We ask whether these advances carry over to other text summarization domains. We propose a new evaluation benchmark on topic-focused dialogue summarization, generated by LLMs of varying sizes. We provide binary sentence-level human annotations of the factual consistency of these summaries along with detailed explanations of factually inconsistent sentences. Our analysis shows that existing LLMs hallucinate significant amounts of factual errors in the dialogue domain, regardless of the model's size. On the other hand, when LLMs, including GPT-4, serve as binary factual evaluators, they perform poorly and can be outperformed by prevailing state-of-the-art specialized factuality evaluation metrics. Finally, we conducted an analysis of hallucination types with a curated error taxonomy. We find that there are diverse errors and error distributions in model-generated summaries and that non-LLM based metrics can capture all error types better than LLM-based evaluators.",1,,include (junior:5),https://arxiv.org/abs/2402.13249v2,https://arxiv.org/pdf/2402.13249v2,2024,dialogue summarization,sequence to sequence,"{""arxiv_id"": ""2402.13249"", ""title"": ""TofuEval: Evaluating Hallucinations of LLMs on Topic-Focused Dialogue Summarization"", ""summary"": ""Single document news summarization has seen substantial progress on faithfulness in recent years, driven by research on the evaluation of factual consistency, or hallucinations. We ask whether these advances carry over to other text summarization domains. We propose a new evaluation benchmark on topic-focused dialogue summarization, generated by LLMs of varying sizes. We provide binary sentence-level human annotations of the factual consistency of these summaries along with detailed explanations of factually inconsistent sentences. Our analysis shows that existing LLMs hallucinate significant amounts of factual errors in the dialogue domain, regardless of the model's size. On the other hand, when LLMs, including GPT-4, serve as binary factual evaluators, they perform poorly and can be outperformed by prevailing state-of-the-art specialized factuality evaluation metrics. Finally, we conducted an analysis of hallucination types with a curated error taxonomy. We find that there are diverse errors and error distributions in model-generated summaries and that non-LLM based metrics can capture all error types better than LLM-based evaluators."", ""authors"": [""Liyan Tang"", ""Igor Shalyminov"", ""Amy Wing-mei Wong"", ""Jon Burnsky"", ""Jake W. Vincent"", ""Yu'an Yang"", ""Siffi Singh"", ""Song Feng"", ""Hwanjun Song"", ""Hang Su"", ""Lijia Sun"", ""Yi Zhang"", ""Saab Mansour"", ""Kathleen McKeown""], ""published"": ""2024-02-20T18:58:49Z"", ""updated"": ""2024-03-31T15:30:34Z"", ""categories"": [""cs.CL"", ""cs.AI""], ""pdf_url"": ""https://arxiv.org/pdf/2402.13249v2"", ""landing_url"": ""https://arxiv.org/abs/2402.13249v2"", ""doi"": ""https://doi.org/10.48550/arXiv.2402.13249""}",2402.13249,https://openalex.org/W4392019857
10.18653/v1/2024.findings-emnlp.393,What's under the hood: Investigating Automatic Metrics on Meeting Summarization,"Meeting summarization has become a critical task considering the increase in online interactions. While new techniques are introduced regularly, their evaluation uses metrics not designed to capture meeting-specific errors, undermining effective evaluation. This paper investigates what the frequently used automatic metrics capture and which errors they mask by correlating automatic metric scores with human evaluations across a broad error taxonomy. We commence with a comprehensive literature review on English meeting summarization to define key challenges like speaker dynamics and contextual turn-taking and error types such as missing information and linguistic inaccuracy, concepts previously loosely defined in the field. We examine the relationship between characteristic challenges and errors by using annotated transcripts and summaries from Transformer-based sequence-to-sequence and autoregressive models from the general summary QMSum dataset. Through experimental validation, we find that different model architectures respond variably to challenges in meeting transcripts, resulting in different pronounced links between challenges and errors. Current default-used metrics struggle to capture observable errors, showing weak to mid-correlations, while a third of the correlations show trends of error masking. Only a subset reacts accurately to specific errors, while most correlations show either unresponsiveness or failure to reflect the error's impact on summary quality.",1,,include (junior:5),https://arxiv.org/abs/2404.11124v2,https://arxiv.org/pdf/2404.11124v2,2024,dialogue summarization,meeting summarization,"{""arxiv_id"": ""2404.11124"", ""title"": ""What's under the hood: Investigating Automatic Metrics on Meeting Summarization"", ""summary"": ""Meeting summarization has become a critical task considering the increase in online interactions. While new techniques are introduced regularly, their evaluation uses metrics not designed to capture meeting-specific errors, undermining effective evaluation. This paper investigates what the frequently used automatic metrics capture and which errors they mask by correlating automatic metric scores with human evaluations across a broad error taxonomy. We commence with a comprehensive literature review on English meeting summarization to define key challenges like speaker dynamics and contextual turn-taking and error types such as missing information and linguistic inaccuracy, concepts previously loosely defined in the field. We examine the relationship between characteristic challenges and errors by using annotated transcripts and summaries from Transformer-based sequence-to-sequence and autoregressive models from the general summary QMSum dataset. Through experimental validation, we find that different model architectures respond variably to challenges in meeting transcripts, resulting in different pronounced links between challenges and errors. Current default-used metrics struggle to capture observable errors, showing weak to mid-correlations, while a third of the correlations show trends of error masking. Only a subset reacts accurately to specific errors, while most correlations show either unresponsiveness or failure to reflect the error's impact on summary quality."", ""authors"": [""Frederic Kirstein"", ""Jan Philip Wahle"", ""Terry Ruas"", ""Bela Gipp""], ""published"": ""2024-04-17T07:15:07Z"", ""updated"": ""2024-10-18T15:34:41Z"", ""categories"": [""cs.CL"", ""cs.AI""], ""pdf_url"": ""https://arxiv.org/pdf/2404.11124v2"", ""landing_url"": ""https://arxiv.org/abs/2404.11124v2"", ""doi"": ""https://doi.org/10.18653/v1/2024.findings-emnlp.393""}",2404.11124,https://openalex.org/W4404781155
10.48550/arxiv.2406.03487,Analyzing LLM Behavior in Dialogue Summarization: Unveiling Circumstantial Hallucination Trends,"Recent advancements in large language models (LLMs) have considerably advanced the capabilities of summarization systems. However, they continue to face concerns about hallucinations. While prior work has evaluated LLMs extensively in news domains, most evaluation of dialogue summarization has focused on BART-based models, leaving a gap in our understanding of their faithfulness. Our work benchmarks the faithfulness of LLMs for dialogue summarization, using human annotations and focusing on identifying and categorizing span-level inconsistencies. Specifically, we focus on two prominent LLMs: GPT-4 and Alpaca-13B. Our evaluation reveals subtleties as to what constitutes a hallucination: LLMs often generate plausible inferences, supported by circumstantial evidence in the conversation, that lack direct evidence, a pattern that is less prevalent in older models. We propose a refined taxonomy of errors, coining the category of ""Circumstantial Inference"" to bucket these LLM behaviors and release the dataset. Using our taxonomy, we compare the behavioral differences between LLMs and older fine-tuned models. Additionally, we systematically assess the efficacy of automatic error detection methods on LLM summaries and find that they struggle to detect these nuanced errors. To address this, we introduce two prompt-based approaches for fine-grained error detection that outperform existing metrics, particularly for identifying ""Circumstantial Inference.""",1,,include (junior:5),https://arxiv.org/abs/2406.03487v1,https://arxiv.org/pdf/2406.03487v1,2024,dialogue summarization,sequence to sequence,"{""arxiv_id"": ""2406.03487"", ""title"": ""Analyzing LLM Behavior in Dialogue Summarization: Unveiling Circumstantial Hallucination Trends"", ""summary"": ""Recent advancements in large language models (LLMs) have considerably advanced the capabilities of summarization systems. However, they continue to face concerns about hallucinations. While prior work has evaluated LLMs extensively in news domains, most evaluation of dialogue summarization has focused on BART-based models, leaving a gap in our understanding of their faithfulness. Our work benchmarks the faithfulness of LLMs for dialogue summarization, using human annotations and focusing on identifying and categorizing span-level inconsistencies. Specifically, we focus on two prominent LLMs: GPT-4 and Alpaca-13B. Our evaluation reveals subtleties as to what constitutes a hallucination: LLMs often generate plausible inferences, supported by circumstantial evidence in the conversation, that lack direct evidence, a pattern that is less prevalent in older models. We propose a refined taxonomy of errors, coining the category of \""Circumstantial Inference\"" to bucket these LLM behaviors and release the dataset. Using our taxonomy, we compare the behavioral differences between LLMs and older fine-tuned models. Additionally, we systematically assess the efficacy of automatic error detection methods on LLM summaries and find that they struggle to detect these nuanced errors. To address this, we introduce two prompt-based approaches for fine-grained error detection that outperform existing metrics, particularly for identifying \""Circumstantial Inference.\"""", ""authors"": [""Sanjana Ramprasad"", ""Elisa Ferracane"", ""Zachary C. Lipton""], ""published"": ""2024-06-05T17:49:47Z"", ""updated"": ""2024-06-05T17:49:47Z"", ""categories"": [""cs.CL"", ""cs.AI""], ""pdf_url"": ""https://arxiv.org/pdf/2406.03487v1"", ""landing_url"": ""https://arxiv.org/abs/2406.03487v1"", ""doi"": ""https://doi.org/10.48550/arXiv.2406.03487""}",2406.03487,https://openalex.org/W4399448240
